{"policy-learner_state_True": [[0.5225333333333334, 0.5800333333333333, 0.5793666666666667, 0.588, 0.6196333333333333, 0.6335333333333334, 0.651, 0.6518666666666667, 0.6625666666666667, 0.6747666666666667, 0.6999, 0.7097000000000001, 0.6731000000000001, 0.7153999999999999, 0.7384666666666666, 0.7352, 0.7232, 0.7380000000000001, 0.7323, 0.7574333333333333, 0.7611, 0.7761666666666667, 0.7658333333333333, 0.7676333333333334, 0.777, 0.7650666666666667, 0.7827333333333333, 0.7759666666666667, 0.7817000000000002, 0.7780333333333332, 0.7801333333333332, 0.7879333333333335, 0.7818, 0.7854666666666668, 0.7857, 0.7873, 0.7913, 0.7855, 0.7728666666666667, 0.7840333333333334, 0.7907666666666667, 0.7919999999999999, 0.7824666666666666, 0.7912333333333333, 0.7994666666666665, 0.7948000000000001, 0.7896333333333333, 0.7843, 0.7969333333333334], [0.0386557743278917, 0.02744040006187148, 0.037000210209613076, 0.023553768276010526, 0.038007046130363195, 0.03217248652014463, 0.04649953404784469, 0.04563809325065579, 0.051764681223998875, 0.06666744999539795, 0.07378351216001221, 0.07509607180139319, 0.09028015654985688, 0.11153128111281906, 0.10077077398178945, 0.09814153045474684, 0.08634384749361129, 0.09532642166087357, 0.10647369002089985, 0.10556578780815096, 0.10792222508207783, 0.10701764132868725, 0.12030960984984626, 0.11308316506988218, 0.11552869773350688, 0.12579386135879425, 0.11668379874210852, 0.12744918813219466, 0.13617997894942804, 0.14144922135601246, 0.12927800362870018, 0.12281081204664172, 0.13282261353650088, 0.123778466983918, 0.13447297126188595, 0.12934800604055197, 0.13741508893373633, 0.13964934657920886, 0.14419640155781357, 0.14506587775520777, 0.12966894599539072, 0.13870993715904667, 0.14511058618247752, 0.1383827140778629, 0.14046896058876812, 0.13884137231627566, 0.14765548490395547, 0.15765470708693305, 0.14535749799106418]], "random": [[0.5322, 0.6571333333333333, 0.7453666666666666, 0.7867666666666667, 0.7947666666666667, 0.8210666666666667, 0.8283, 0.8400666666666666, 0.8472333333333334, 0.8595666666666667, 0.8641666666666667, 0.8734333333333333, 0.8643333333333333, 0.8834, 0.8944000000000001, 0.8944666666666666, 0.8990333333333332, 0.9041, 0.9036, 0.9065666666666666, 0.915, 0.9162, 0.9184666666666667, 0.9172666666666666, 0.9199333333333333, 0.9185666666666666, 0.9232999999999999, 0.9241333333333334, 0.9263, 0.9286666666666666, 0.9284666666666667, 0.9299666666666666, 0.9304666666666668, 0.9330333333333334, 0.9333333333333335, 0.9368, 0.9350999999999999, 0.9368333333333334, 0.9358333333333334, 0.9384333333333332, 0.9407666666666666, 0.9426666666666668, 0.9420666666666667, 0.9432, 0.9452333333333334, 0.9448333333333333, 0.945, 0.9452666666666666, 0.9451333333333333], [0.04081053785482371, 0.020319503493496652, 0.027068595990351767, 0.010994038788765873, 0.016515110925721596, 0.01778713642558075, 0.01829444360090426, 0.011791616607667569, 0.007989298397787451, 0.009593863779636542, 0.010342254213769006, 0.009791946804503288, 0.010262011931823573, 0.008286535263104043, 0.005289612462175284, 0.005820271089524586, 0.002638602323621757, 0.005593448548674314, 0.006696765388354822, 0.00423975890299855, 0.00282960539062723, 0.0043335897360041176, 0.0028546258754675517, 0.0054756024529016055, 0.006504015853472523, 0.005037415563119201, 0.006868769904429744, 0.0036334862353148223, 0.0015556349186103904, 0.004337690117511335, 0.0050861467624213124, 0.0003299831645537344, 0.0019754043186705626, 0.0006018490028422446, 0.0036261396675926383, 0.001687206764645838, 0.002808320969310081, 0.003564952859280059, 0.0036609045633862487, 0.00278846831711527, 0.00299592315581616, 0.003946587837050559, 0.005933146064460414, 0.0022196095752782313, 0.004187547678003859, 0.0034701905167040035, 0.0017663521732655633, 0.002651205176686392, 0.004508756911709596]]}